index,fid,kid_mean
mean,58.131090545654295,0.041252925992012024
std,10.614719736057383,0.01197230162051424
